year,race_name,driver,Qualifying_time,Starting_Position
2022,bahrain,charles-leclerc,90.558,1
2022,bahrain,max-verstappen,90.681,2
2022,bahrain,carlos-sainz-jr,90.687,3
2022,bahrain,sergio-perez,90.921,4
2022,bahrain,lewis-hamilton,91.238,5
2022,bahrain,valtteri-bottas,91.56,6
2022,bahrain,kevin-magnussen,91.808,7
2022,bahrain,fernando-alonso,92.195,8
2022,bahrain,george-russell,92.216,9
2022,bahrain,pierre-gasly,92.338,10
2022,bahrain,esteban-ocon,91.782,11
2022,bahrain,mick-schumacher,91.998,12
2022,bahrain,lando-norris,92.008,13
2022,bahrain,alexander-albon,92.664,14
2022,bahrain,guanyu-zhou,93.543,15
2022,bahrain,yuki-tsunoda,92.75,16
2022,bahrain,nico-hulkenberg,92.777,17
2022,bahrain,daniel-ricciardo,92.945,18
2022,bahrain,lance-stroll,93.032,19
2022,bahrain,nicholas-latifi,93.634,20
2022,saudi-arabia,sergio-perez,88.2,1
2022,saudi-arabia,charles-leclerc,88.225,2
2022,saudi-arabia,carlos-sainz-jr,88.402,3
2022,saudi-arabia,max-verstappen,88.461,4
2022,saudi-arabia,esteban-ocon,89.068,5
2022,saudi-arabia,george-russell,89.104,6
2022,saudi-arabia,fernando-alonso,89.147,7
2022,saudi-arabia,valtteri-bottas,89.183,8
2022,saudi-arabia,pierre-gasly,89.254,9
2022,saudi-arabia,kevin-magnussen,89.588,10
2022,saudi-arabia,lando-norris,89.651,11
2022,saudi-arabia,daniel-ricciardo,89.773,12
2022,saudi-arabia,guanyu-zhou,89.819,13
2022,saudi-arabia,mick-schumacher,89.92,14
2022,saudi-arabia,lance-stroll,91.009,15
2022,saudi-arabia,lewis-hamilton,90.343,16
2022,saudi-arabia,alexander-albon,90.492,17
2022,saudi-arabia,nico-hulkenberg,90.543,18
2022,saudi-arabia,nicholas-latifi,91.817,19
2022,australia,charles-leclerc,77.868,1
2022,australia,max-verstappen,78.154,2
2022,australia,sergio-perez,78.24,3
2022,australia,lando-norris,78.703,4
2022,australia,lewis-hamilton,78.825,5
2022,australia,george-russell,78.933,6
2022,australia,daniel-ricciardo,79.032,7
2022,australia,esteban-ocon,79.061,8
2022,australia,carlos-sainz-jr,79.408,9
2022,australia,fernando-alonso,78.815,10
2022,australia,pierre-gasly,79.226,11
2022,australia,valtteri-bottas,79.41,12
2022,australia,yuki-tsunoda,79.424,13
2022,australia,guanyu-zhou,80.155,14
2022,australia,mick-schumacher,80.465,15
2022,australia,kevin-magnussen,80.254,16
2022,australia,sebastian-vettel,81.149,17
2022,australia,nicholas-latifi,81.372,18
2022,australia,alexander-albon,80.135,19
2022,emilia-romagna,max-verstappen,87.999,1
2022,emilia-romagna,charles-leclerc,88.778,2
2022,emilia-romagna,lando-norris,89.131,3
2022,emilia-romagna,kevin-magnussen,89.164,4
2022,emilia-romagna,fernando-alonso,89.202,5
2022,emilia-romagna,daniel-ricciardo,89.742,6
2022,emilia-romagna,sergio-perez,89.808,7
2022,emilia-romagna,valtteri-bottas,90.439,8
2022,emilia-romagna,sebastian-vettel,91.062,9
2022,emilia-romagna,carlos-sainz-jr,78.99,10
2022,emilia-romagna,george-russell,80.757,11
2022,emilia-romagna,mick-schumacher,80.916,12
2022,emilia-romagna,lewis-hamilton,81.138,13
2022,emilia-romagna,guanyu-zhou,81.434,14
2022,emilia-romagna,lance-stroll,88.119,15
2022,emilia-romagna,yuki-tsunoda,80.474,16
2022,emilia-romagna,pierre-gasly,80.732,17
2022,emilia-romagna,nicholas-latifi,81.971,18
2022,emilia-romagna,esteban-ocon,82.338,19
2022,miami,charles-leclerc,88.796,1
2022,miami,carlos-sainz-jr,88.986,2
2022,miami,max-verstappen,88.991,3
2022,miami,sergio-perez,89.036,4
2022,miami,valtteri-bottas,89.475,5
2022,miami,lewis-hamilton,89.625,6
2022,miami,pierre-gasly,89.69,7
2022,miami,lando-norris,89.75,8
2022,miami,yuki-tsunoda,89.932,9
2022,miami,lance-stroll,90.676,10
2022,miami,fernando-alonso,90.16,11
2022,miami,george-russell,90.173,12
2022,miami,sebastian-vettel,90.214,13
2022,miami,daniel-ricciardo,90.31,14
2022,miami,mick-schumacher,90.423,15
2022,miami,kevin-magnussen,90.975,16
2022,miami,guanyu-zhou,91.02,17
2022,miami,alexander-albon,91.266,18
2022,miami,nicholas-latifi,91.325,19
2022,spain,charles-leclerc,78.75,1
2022,spain,max-verstappen,79.073,2
2022,spain,carlos-sainz-jr,79.166,3
2022,spain,george-russell,79.393,4
2022,spain,sergio-perez,79.42,5
2022,spain,lewis-hamilton,79.512,6
2022,spain,valtteri-bottas,79.608,7
2022,spain,kevin-magnussen,79.682,8
2022,spain,daniel-ricciardo,80.297,9
2022,spain,mick-schumacher,80.368,10
2022,spain,lando-norris,80.471,11
2022,spain,esteban-ocon,80.638,12
2022,spain,yuki-tsunoda,80.639,13
2022,spain,pierre-gasly,80.861,14
2022,spain,guanyu-zhou,81.094,15
2022,spain,sebastian-vettel,80.954,16
2022,spain,fernando-alonso,81.043,17
2022,spain,lance-stroll,81.418,18
2022,spain,alexander-albon,81.645,19
2022,spain,nicholas-latifi,81.915,20
2022,monaco,charles-leclerc,71.376,1
2022,monaco,carlos-sainz-jr,71.601,2
2022,monaco,sergio-perez,71.629,3
2022,monaco,max-verstappen,71.666,4
2022,monaco,lando-norris,71.849,5
2022,monaco,george-russell,72.112,6
2022,monaco,fernando-alonso,72.247,7
2022,monaco,lewis-hamilton,72.56,8
2022,monaco,sebastian-vettel,72.732,9
2022,monaco,esteban-ocon,73.047,10
2022,monaco,yuki-tsunoda,72.797,11
2022,monaco,valtteri-bottas,72.909,12
2022,monaco,kevin-magnussen,72.921,13
2022,monaco,daniel-ricciardo,72.964,14
2022,monaco,mick-schumacher,73.081,15
2022,monaco,alexander-albon,73.611,16
2022,monaco,pierre-gasly,73.66,17
2022,monaco,lance-stroll,73.678,18
2022,monaco,nicholas-latifi,74.403,19
2022,monaco,guanyu-zhou,75.606,20
2022,azerbaijan,charles-leclerc,101.359,1
2022,azerbaijan,sergio-perez,101.641,2
2022,azerbaijan,max-verstappen,101.706,3
2022,azerbaijan,carlos-sainz-jr,101.814,4
2022,azerbaijan,george-russell,102.712,5
2022,azerbaijan,pierre-gasly,102.845,6
2022,azerbaijan,lewis-hamilton,102.924,7
2022,azerbaijan,yuki-tsunoda,103.056,8
2022,azerbaijan,sebastian-vettel,103.091,9
2022,azerbaijan,fernando-alonso,103.173,10
2022,azerbaijan,lando-norris,103.398,11
2022,azerbaijan,daniel-ricciardo,103.574,12
2022,azerbaijan,esteban-ocon,103.585,13
2022,azerbaijan,guanyu-zhou,103.79,14
2022,azerbaijan,valtteri-bottas,104.444,15
2022,azerbaijan,kevin-magnussen,104.643,16
2022,azerbaijan,alexander-albon,104.719,17
2022,azerbaijan,nicholas-latifi,105.367,18
2022,azerbaijan,lance-stroll,105.371,19
2022,azerbaijan,mick-schumacher,105.775,20
2022,canada,max-verstappen,81.299,1
2022,canada,fernando-alonso,81.944,2
2022,canada,carlos-sainz-jr,82.096,3
2022,canada,lewis-hamilton,82.891,4
2022,canada,kevin-magnussen,82.96,5
2022,canada,mick-schumacher,83.356,6
2022,canada,esteban-ocon,83.529,7
2022,canada,george-russell,83.557,8
2022,canada,daniel-ricciardo,83.749,9
2022,canada,guanyu-zhou,84.03,10
2022,canada,valtteri-bottas,86.788,11
2022,canada,alexander-albon,86.858,12
2022,canada,sergio-perez,93.127,13
2022,canada,lando-norris,94.066,14
2022,canada,charles-leclerc,93.008,15
2022,canada,pierre-gasly,94.492,16
2022,canada,sebastian-vettel,94.512,17
2022,canada,lance-stroll,95.532,18
2022,canada,nicholas-latifi,95.66,19
2022,canada,yuki-tsunoda,96.575,20
2022,great-britain,carlos-sainz-jr,100.983,1
2022,great-britain,max-verstappen,101.055,2
2022,great-britain,charles-leclerc,101.298,3
2022,great-britain,sergio-perez,101.616,4
2022,great-britain,lewis-hamilton,101.995,5
2022,great-britain,lando-norris,102.084,6
2022,great-britain,fernando-alonso,102.116,7
2022,great-britain,george-russell,102.161,8
2022,great-britain,guanyu-zhou,102.719,9
2022,great-britain,nicholas-latifi,123.095,10
2022,great-britain,pierre-gasly,103.702,11
2022,great-britain,valtteri-bottas,104.232,12
2022,great-britain,yuki-tsunoda,104.311,13
2022,great-britain,daniel-ricciardo,104.355,14
2022,great-britain,esteban-ocon,105.19,15
2022,great-britain,alexander-albon,102.078,16
2022,great-britain,kevin-magnussen,102.159,17
2022,great-britain,sebastian-vettel,102.666,18
2022,great-britain,mick-schumacher,102.708,19
2022,great-britain,lance-stroll,103.43,20
2022,austria,max-verstappen,64.984,1
2022,austria,charles-leclerc,65.013,2
2022,austria,carlos-sainz-jr,65.066,3
2022,austria,george-russell,65.431,4
2022,austria,esteban-ocon,65.726,5
2022,austria,kevin-magnussen,65.879,6
2022,austria,mick-schumacher,66.011,7
2022,austria,fernando-alonso,66.103,8
2022,austria,lewis-hamilton,73.151,9
2022,austria,pierre-gasly,66.16,10
2022,austria,alexander-albon,66.23,11
2022,austria,valtteri-bottas,66.319,12
2022,austria,sergio-perez,66.458,13
2022,austria,yuki-tsunoda,66.851,14
2022,austria,lando-norris,85.847,15
2022,austria,daniel-ricciardo,66.613,16
2022,austria,lance-stroll,66.847,17
2022,austria,guanyu-zhou,66.901,18
2022,austria,nicholas-latifi,67.003,19
2022,austria,sebastian-vettel,67.083,20
2022,france,charles-leclerc,90.872,1
2022,france,max-verstappen,91.176,2
2022,france,sergio-perez,91.335,3
2022,france,lewis-hamilton,91.765,4
2022,france,lando-norris,92.032,5
2022,france,george-russell,92.131,6
2022,france,fernando-alonso,92.552,7
2022,france,yuki-tsunoda,92.78,8
2022,france,carlos-sainz-jr,91.081,9
2022,france,kevin-magnussen,92.649,10
2022,france,daniel-ricciardo,92.922,11
2022,france,esteban-ocon,93.048,12
2022,france,valtteri-bottas,93.052,13
2022,france,sebastian-vettel,93.276,14
2022,france,alexander-albon,93.307,15
2022,france,pierre-gasly,93.439,16
2022,france,lance-stroll,93.439,17
2022,france,guanyu-zhou,93.674,18
2022,france,mick-schumacher,93.701,19
2022,france,nicholas-latifi,93.794,20
2022,hungary,george-russell,77.377,1
2022,hungary,carlos-sainz-jr,77.421,2
2022,hungary,charles-leclerc,77.567,3
2022,hungary,lando-norris,77.769,4
2022,hungary,esteban-ocon,78.018,5
2022,hungary,fernando-alonso,78.078,6
2022,hungary,lewis-hamilton,78.142,7
2022,hungary,valtteri-bottas,78.157,8
2022,hungary,daniel-ricciardo,78.379,9
2022,hungary,max-verstappen,78.823,10
2022,hungary,sergio-perez,78.516,11
2022,hungary,guanyu-zhou,78.573,12
2022,hungary,kevin-magnussen,78.825,13
2022,hungary,lance-stroll,79.137,14
2022,hungary,mick-schumacher,79.202,15
2022,hungary,yuki-tsunoda,79.24,16
2022,hungary,alexander-albon,79.256,17
2022,hungary,sebastian-vettel,79.273,18
2022,hungary,pierre-gasly,79.527,19
2022,hungary,nicholas-latifi,79.57,20
2022,belgium,max-verstappen,103.665,1
2022,belgium,carlos-sainz-jr,104.297,2
2022,belgium,sergio-perez,104.462,3
2022,belgium,charles-leclerc,104.553,4
2022,belgium,esteban-ocon,105.18,5
2022,belgium,fernando-alonso,105.368,6
2022,belgium,lewis-hamilton,105.503,7
2022,belgium,george-russell,105.776,8
2022,belgium,alexander-albon,105.837,9
2022,belgium,lando-norris,106.178,10
2022,belgium,daniel-ricciardo,105.767,11
2022,belgium,pierre-gasly,105.827,12
2022,belgium,guanyu-zhou,106.085,13
2022,belgium,lance-stroll,106.611,14
2022,belgium,mick-schumacher,107.718,15
2022,belgium,sebastian-vettel,106.344,16
2022,belgium,nicholas-latifi,106.401,17
2022,belgium,kevin-magnussen,106.557,18
2022,belgium,yuki-tsunoda,106.692,19
2022,belgium,valtteri-bottas,107.866,20
2022,netherlands,max-verstappen,70.342,1
2022,netherlands,charles-leclerc,70.363,2
2022,netherlands,carlos-sainz-jr,70.434,3
2022,netherlands,lewis-hamilton,70.648,4
2022,netherlands,sergio-perez,71.077,5
2022,netherlands,george-russell,71.147,6
2022,netherlands,lando-norris,71.174,7
2022,netherlands,mick-schumacher,71.442,8
2022,netherlands,yuki-tsunoda,72.556,9
2022,netherlands,lance-stroll,71.416,10
2022,netherlands,pierre-gasly,71.512,11
2022,netherlands,esteban-ocon,71.605,12
2022,netherlands,fernando-alonso,71.613,13
2022,netherlands,guanyu-zhou,71.704,14
2022,netherlands,alexander-albon,71.802,15
2022,netherlands,valtteri-bottas,71.961,16
2022,netherlands,daniel-ricciardo,72.081,17
2022,netherlands,kevin-magnussen,72.319,18
2022,netherlands,sebastian-vettel,72.391,19
2022,netherlands,nicholas-latifi,73.353,20
2022,italy,charles-leclerc,80.161,1
2022,italy,max-verstappen,80.306,2
2022,italy,carlos-sainz-jr,80.429,3
2022,italy,sergio-perez,81.206,4
2022,italy,lewis-hamilton,81.524,5
2022,italy,george-russell,81.542,6
2022,italy,lando-norris,81.584,7
2022,italy,daniel-ricciardo,81.925,8
2022,italy,pierre-gasly,82.648,9
2022,italy,fernando-alonso,81.861,10
2022,italy,esteban-ocon,82.13,11
2022,italy,valtteri-bottas,82.235,12
2022,italy,nyck-de-vries,82.471,13
2022,italy,guanyu-zhou,82.577,14
2022,italy,yuki-tsunoda,82.02,15
2022,italy,nicholas-latifi,82.587,16
2022,italy,sebastian-vettel,82.636,17
2022,italy,lance-stroll,82.748,18
2022,italy,kevin-magnussen,82.908,19
2022,italy,mick-schumacher,83.005,20
2022,singapore,charles-leclerc,109.412,1
2022,singapore,sergio-perez,109.434,2
2022,singapore,lewis-hamilton,109.466,3
2022,singapore,carlos-sainz-jr,109.583,4
2022,singapore,fernando-alonso,109.966,5
2022,singapore,lando-norris,110.584,6
2022,singapore,pierre-gasly,111.211,7
2022,singapore,max-verstappen,111.395,8
2022,singapore,kevin-magnussen,111.573,9
2022,singapore,yuki-tsunoda,111.983,10
2022,singapore,george-russell,114.012,11
2022,singapore,lance-stroll,114.211,12
2022,singapore,mick-schumacher,114.37,13
2022,singapore,sebastian-vettel,114.38,14
2022,singapore,guanyu-zhou,115.518,15
2022,singapore,valtteri-bottas,116.083,16
2022,singapore,daniel-ricciardo,116.226,17
2022,singapore,esteban-ocon,116.337,18
2022,singapore,alexander-albon,116.985,19
2022,singapore,nicholas-latifi,117.532,20
2022,japan,max-verstappen,89.304,1
2022,japan,charles-leclerc,89.314,2
2022,japan,carlos-sainz-jr,89.361,3
2022,japan,sergio-perez,89.709,4
2022,japan,esteban-ocon,90.165,5
2022,japan,lewis-hamilton,90.261,6
2022,japan,fernando-alonso,90.322,7
2022,japan,george-russell,90.389,8
2022,japan,sebastian-vettel,90.554,9
2022,japan,lando-norris,91.003,10
2022,japan,daniel-ricciardo,90.659,11
2022,japan,valtteri-bottas,90.709,12
2022,japan,yuki-tsunoda,90.808,13
2022,japan,guanyu-zhou,90.953,14
2022,japan,mick-schumacher,91.439,15
2022,japan,alexander-albon,91.311,16
2022,japan,pierre-gasly,91.322,17
2022,japan,kevin-magnussen,91.352,18
2022,japan,lance-stroll,91.419,19
2022,japan,nicholas-latifi,91.511,20
2022,united-states,carlos-sainz-jr,94.356,1
2022,united-states,charles-leclerc,94.421,2
2022,united-states,max-verstappen,94.448,3
2022,united-states,sergio-perez,94.645,4
2022,united-states,lewis-hamilton,94.947,5
2022,united-states,george-russell,94.988,6
2022,united-states,lance-stroll,95.598,7
2022,united-states,lando-norris,95.69,8
2022,united-states,fernando-alonso,95.876,9
2022,united-states,valtteri-bottas,96.319,10
2022,united-states,alexander-albon,96.368,11
2022,united-states,sebastian-vettel,96.398,12
2022,united-states,pierre-gasly,96.74,13
2022,united-states,guanyu-zhou,96.97,14
2022,united-states,yuki-tsunoda,97.147,15
2022,united-states,kevin-magnussen,96.949,16
2022,united-states,daniel-ricciardo,97.046,17
2022,united-states,esteban-ocon,97.068,18
2022,united-states,mick-schumacher,97.111,19
2022,united-states,nicholas-latifi,97.244,20
2022,mexico,max-verstappen,77.775,1
2022,mexico,george-russell,78.079,2
2022,mexico,lewis-hamilton,78.084,3
2022,mexico,sergio-perez,78.128,4
2022,mexico,carlos-sainz-jr,78.351,5
2022,mexico,valtteri-bottas,78.401,6
2022,mexico,charles-leclerc,78.555,7
2022,mexico,lando-norris,78.721,8
2022,mexico,fernando-alonso,78.939,9
2022,mexico,esteban-ocon,79.01,10
2022,mexico,daniel-ricciardo,79.325,11
2022,mexico,guanyu-zhou,79.476,12
2022,mexico,yuki-tsunoda,79.589,13
2022,mexico,pierre-gasly,79.672,14
2022,mexico,kevin-magnussen,79.833,15
2022,mexico,mick-schumacher,80.419,16
2022,mexico,sebastian-vettel,80.419,17
2022,mexico,lance-stroll,80.52,18
2022,mexico,alexander-albon,80.859,19
2022,mexico,nicholas-latifi,81.167,20
2022,sao-paulo,kevin-magnussen,71.674,1
2022,sao-paulo,max-verstappen,71.877,2
2022,sao-paulo,george-russell,72.059,3
2022,sao-paulo,lando-norris,72.263,4
2022,sao-paulo,carlos-sainz-jr,72.357,5
2022,sao-paulo,esteban-ocon,72.425,6
2022,sao-paulo,fernando-alonso,72.504,7
2022,sao-paulo,lewis-hamilton,72.611,8
2022,sao-paulo,sergio-perez,75.601,9
2022,sao-paulo,charles-leclerc,70.95,10
2022,sao-paulo,alexander-albon,71.631,11
2022,sao-paulo,pierre-gasly,71.675,12
2022,sao-paulo,sebastian-vettel,71.678,13
2022,sao-paulo,daniel-ricciardo,72.14,14
2022,sao-paulo,lance-stroll,72.21,15
2022,sao-paulo,nicholas-latifi,75.095,16
2022,sao-paulo,guanyu-zhou,75.197,17
2022,sao-paulo,valtteri-bottas,75.486,18
2022,sao-paulo,yuki-tsunoda,76.264,19
2022,sao-paulo,mick-schumacher,76.361,20
2022,abu-dhabi,max-verstappen,83.824,1
2022,abu-dhabi,sergio-perez,84.052,2
2022,abu-dhabi,charles-leclerc,84.092,3
2022,abu-dhabi,carlos-sainz-jr,84.242,4
2022,abu-dhabi,lewis-hamilton,84.508,5
2022,abu-dhabi,george-russell,84.511,6
2022,abu-dhabi,lando-norris,84.769,7
2022,abu-dhabi,esteban-ocon,84.83,8
2022,abu-dhabi,sebastian-vettel,84.961,9
2022,abu-dhabi,daniel-ricciardo,85.045,10
2022,abu-dhabi,fernando-alonso,85.096,11
2022,abu-dhabi,yuki-tsunoda,85.219,12
2022,abu-dhabi,mick-schumacher,85.225,13
2022,abu-dhabi,lance-stroll,85.359,14
2022,abu-dhabi,guanyu-zhou,85.408,15
2022,abu-dhabi,kevin-magnussen,85.834,16
2022,abu-dhabi,pierre-gasly,85.859,17
2022,abu-dhabi,valtteri-bottas,85.892,18
2022,abu-dhabi,alexander-albon,86.028,19
2022,abu-dhabi,nicholas-latifi,86.054,20
2023,bahrain,max-verstappen,89.708,1
2023,bahrain,sergio-perez,89.846,2
2023,bahrain,charles-leclerc,90.0,3
2023,bahrain,carlos-sainz-jr,90.154,4
2023,bahrain,fernando-alonso,90.336,5
2023,bahrain,george-russell,90.34,6
2023,bahrain,lewis-hamilton,90.384,7
2023,bahrain,lance-stroll,90.836,8
2023,bahrain,esteban-ocon,90.984,9
2023,bahrain,nico-hulkenberg,90.809,10
2023,bahrain,lando-norris,91.381,11
2023,bahrain,valtteri-bottas,91.443,12
2023,bahrain,guanyu-zhou,91.473,13
2023,bahrain,yuki-tsunoda,92.51,14
2023,bahrain,alexander-albon,91.461,15
2023,bahrain,logan-sargeant,91.652,16
2023,bahrain,kevin-magnussen,91.892,17
2023,bahrain,oscar-piastri,92.101,18
2023,bahrain,nyck-de-vries,92.121,19
2023,bahrain,pierre-gasly,92.181,20
2023,saudi-arabia,sergio-perez,88.265,1
2023,saudi-arabia,charles-leclerc,88.42,2
2023,saudi-arabia,fernando-alonso,88.73,3
2023,saudi-arabia,george-russell,88.857,4
2023,saudi-arabia,carlos-sainz-jr,88.931,5
2023,saudi-arabia,lance-stroll,88.945,6
2023,saudi-arabia,esteban-ocon,89.078,7
2023,saudi-arabia,lewis-hamilton,89.223,8
2023,saudi-arabia,oscar-piastri,89.243,9
2023,saudi-arabia,pierre-gasly,89.357,10
2023,saudi-arabia,nico-hulkenberg,89.451,11
2023,saudi-arabia,guanyu-zhou,89.461,12
2023,saudi-arabia,kevin-magnussen,89.634,13
2023,saudi-arabia,valtteri-bottas,89.668,14
2023,saudi-arabia,max-verstappen,109.953,15
2023,saudi-arabia,yuki-tsunoda,89.939,16
2023,saudi-arabia,alexander-albon,89.994,17
2023,saudi-arabia,nyck-de-vries,90.244,18
2023,saudi-arabia,lando-norris,90.447,19
2023,saudi-arabia,logan-sargeant,128.51,20
2023,australia,max-verstappen,76.732,1
2023,australia,george-russell,76.968,2
2023,australia,lewis-hamilton,77.104,3
2023,australia,fernando-alonso,77.139,4
2023,australia,carlos-sainz-jr,77.27,5
2023,australia,lance-stroll,77.308,6
2023,australia,charles-leclerc,77.369,7
2023,australia,alexander-albon,77.609,8
2023,australia,pierre-gasly,77.675,9
2023,australia,nico-hulkenberg,77.735,10
2023,australia,esteban-ocon,77.768,11
2023,australia,yuki-tsunoda,78.099,12
2023,australia,lando-norris,78.119,13
2023,australia,kevin-magnussen,78.129,14
2023,australia,nyck-de-vries,78.335,15
2023,australia,oscar-piastri,78.517,16
2023,australia,guanyu-zhou,78.54,17
2023,australia,logan-sargeant,78.557,18
2023,australia,valtteri-bottas,78.714,19
2023,azerbaijan,charles-leclerc,100.203,1
2023,azerbaijan,max-verstappen,100.391,2
2023,azerbaijan,sergio-perez,100.495,3
2023,azerbaijan,carlos-sainz-jr,101.016,4
2023,azerbaijan,lewis-hamilton,101.177,5
2023,azerbaijan,fernando-alonso,101.253,6
2023,azerbaijan,lando-norris,101.281,7
2023,azerbaijan,yuki-tsunoda,101.581,8
2023,azerbaijan,lance-stroll,101.611,9
2023,azerbaijan,oscar-piastri,101.611,10
2023,azerbaijan,george-russell,101.654,11
2023,azerbaijan,esteban-ocon,101.798,12
2023,azerbaijan,alexander-albon,101.818,13
2023,azerbaijan,valtteri-bottas,102.259,14
2023,azerbaijan,logan-sargeant,102.395,15
2023,azerbaijan,guanyu-zhou,102.642,16
2023,azerbaijan,nico-hulkenberg,102.755,17
2023,azerbaijan,kevin-magnussen,103.417,18
2023,azerbaijan,pierre-gasly,104.853,19
2023,azerbaijan,nyck-de-vries,115.282,20
2023,miami,sergio-perez,86.841,1
2023,miami,fernando-alonso,87.202,2
2023,miami,carlos-sainz-jr,87.349,3
2023,miami,kevin-magnussen,87.767,4
2023,miami,pierre-gasly,87.786,5
2023,miami,george-russell,87.804,6
2023,miami,charles-leclerc,87.861,7
2023,miami,esteban-ocon,87.935,8
2023,miami,max-verstappen,86.814,9
2023,miami,valtteri-bottas,87.564,10
2023,miami,alexander-albon,87.795,11
2023,miami,nico-hulkenberg,87.903,12
2023,miami,lewis-hamilton,87.975,13
2023,miami,guanyu-zhou,88.091,14
2023,miami,nyck-de-vries,88.395,15
2023,miami,lando-norris,88.394,16
2023,miami,yuki-tsunoda,88.429,17
2023,miami,lance-stroll,88.476,18
2023,miami,oscar-piastri,88.484,19
2023,miami,logan-sargeant,88.577,20
2023,monaco,max-verstappen,71.365,1
2023,monaco,fernando-alonso,71.449,2
2023,monaco,charles-leclerc,71.471,3
2023,monaco,esteban-ocon,71.553,4
2023,monaco,carlos-sainz-jr,71.63,5
2023,monaco,lewis-hamilton,71.725,6
2023,monaco,pierre-gasly,71.933,7
2023,monaco,george-russell,71.964,8
2023,monaco,yuki-tsunoda,72.082,9
2023,monaco,lando-norris,72.254,10
2023,monaco,oscar-piastri,72.395,11
2023,monaco,nyck-de-vries,72.428,12
2023,monaco,alexander-albon,72.527,13
2023,monaco,lance-stroll,72.623,14
2023,monaco,valtteri-bottas,72.625,15
2023,monaco,logan-sargeant,73.113,16
2023,monaco,kevin-magnussen,73.27,17
2023,monaco,nico-hulkenberg,73.279,18
2023,monaco,guanyu-zhou,73.523,19
2023,monaco,sergio-perez,73.85,20
2023,spain,max-verstappen,72.272,1
2023,spain,carlos-sainz-jr,72.734,2
2023,spain,lando-norris,72.792,3
2023,spain,pierre-gasly,72.816,4
2023,spain,lewis-hamilton,72.818,5
2023,spain,lance-stroll,72.994,6
2023,spain,esteban-ocon,73.083,7
2023,spain,nico-hulkenberg,73.229,8
2023,spain,fernando-alonso,73.507,9
2023,spain,oscar-piastri,73.682,10
2023,spain,sergio-perez,73.334,11
2023,spain,george-russell,73.447,12
2023,spain,guanyu-zhou,73.521,13
2023,spain,nyck-de-vries,74.083,14
2023,spain,yuki-tsunoda,74.477,15
2023,spain,valtteri-bottas,73.977,16
2023,spain,kevin-magnussen,74.042,17
2023,spain,alexander-albon,74.063,18
2023,spain,charles-leclerc,74.079,19
2023,spain,logan-sargeant,74.699,20
2023,canada,max-verstappen,85.858,1
2023,canada,nico-hulkenberg,87.102,2
2023,canada,fernando-alonso,87.286,3
2023,canada,lewis-hamilton,87.627,4
2023,canada,george-russell,87.893,5
2023,canada,esteban-ocon,87.945,6
2023,canada,lando-norris,88.046,7
2023,canada,carlos-sainz-jr,89.294,8
2023,canada,oscar-piastri,91.349,9
2023,canada,alexander-albon,78.725,10
2023,canada,charles-leclerc,80.615,11
2023,canada,sergio-perez,80.959,12
2023,canada,lance-stroll,81.484,13
2023,canada,kevin-magnussen,81.678,14
2023,canada,valtteri-bottas,81.821,15
2023,canada,yuki-tsunoda,82.746,16
2023,canada,pierre-gasly,82.886,17
2023,canada,nyck-de-vries,83.137,18
2023,canada,logan-sargeant,83.337,19
2023,canada,guanyu-zhou,83.342,20
2023,austria,max-verstappen,64.391,1
2023,austria,charles-leclerc,64.439,2
2023,austria,carlos-sainz-jr,64.581,3
2023,austria,lando-norris,64.658,4
2023,austria,lewis-hamilton,64.819,5
2023,austria,lance-stroll,64.893,6
2023,austria,fernando-alonso,64.911,7
2023,austria,nico-hulkenberg,65.09,8
2023,austria,pierre-gasly,65.17,9
2023,austria,alexander-albon,65.823,10
2023,austria,george-russell,65.428,11
2023,austria,esteban-ocon,65.453,12
2023,austria,oscar-piastri,65.605,13
2023,austria,valtteri-bottas,65.68,14
2023,austria,sergio-perez,126.688,15
2023,austria,yuki-tsunoda,65.784,16
2023,austria,guanyu-zhou,65.818,17
2023,austria,logan-sargeant,65.948,18
2023,austria,kevin-magnussen,65.971,19
2023,austria,nyck-de-vries,65.974,20
2023,great-britain,max-verstappen,86.72,1
2023,great-britain,lando-norris,86.961,2
2023,great-britain,oscar-piastri,87.092,3
2023,great-britain,charles-leclerc,87.136,4
2023,great-britain,carlos-sainz-jr,87.148,5
2023,great-britain,george-russell,87.155,6
2023,great-britain,lewis-hamilton,87.211,7
2023,great-britain,alexander-albon,87.53,8
2023,great-britain,fernando-alonso,87.659,9
2023,great-britain,pierre-gasly,87.689,10
2023,great-britain,nico-hulkenberg,88.896,11
2023,great-britain,lance-stroll,88.935,12
2023,great-britain,esteban-ocon,88.956,13
2023,great-britain,logan-sargeant,89.031,14
2023,great-britain,valtteri-bottas,89.798,15
2023,great-britain,sergio-perez,89.968,16
2023,great-britain,yuki-tsunoda,90.025,17
2023,great-britain,guanyu-zhou,90.123,18
2023,great-britain,nyck-de-vries,90.513,19
2023,great-britain,kevin-magnussen,92.378,20
2023,hungary,lewis-hamilton,76.609,1
2023,hungary,max-verstappen,76.612,2
2023,hungary,lando-norris,76.694,3
2023,hungary,oscar-piastri,76.905,4
2023,hungary,guanyu-zhou,76.971,5
2023,hungary,charles-leclerc,76.992,6
2023,hungary,valtteri-bottas,77.034,7
2023,hungary,fernando-alonso,77.035,8
2023,hungary,sergio-perez,77.045,9
2023,hungary,nico-hulkenberg,77.186,10
2023,hungary,carlos-sainz-jr,77.703,11
2023,hungary,esteban-ocon,77.841,12
2023,hungary,daniel-ricciardo,78.002,13
2023,hungary,lance-stroll,78.144,14
2023,hungary,pierre-gasly,78.217,15
2023,hungary,alexander-albon,78.917,16
2023,hungary,yuki-tsunoda,78.919,17
2023,hungary,george-russell,79.027,18
2023,hungary,kevin-magnussen,79.206,19
2023,hungary,logan-sargeant,79.248,20
2023,belgium,max-verstappen,106.168,1
2023,belgium,charles-leclerc,106.988,2
2023,belgium,sergio-perez,107.045,3
2023,belgium,lewis-hamilton,107.087,4
2023,belgium,carlos-sainz-jr,107.152,5
2023,belgium,oscar-piastri,107.365,6
2023,belgium,lando-norris,107.669,7
2023,belgium,george-russell,107.805,8
2023,belgium,fernando-alonso,107.843,9
2023,belgium,lance-stroll,108.841,10
2023,belgium,yuki-tsunoda,113.148,11
2023,belgium,pierre-gasly,113.671,12
2023,belgium,kevin-magnussen,114.16,13
2023,belgium,valtteri-bottas,114.694,14
2023,belgium,esteban-ocon,116.372,15
2023,belgium,alexander-albon,120.314,16
2023,belgium,guanyu-zhou,120.832,17
2023,belgium,logan-sargeant,121.535,18
2023,belgium,daniel-ricciardo,122.159,19
2023,belgium,nico-hulkenberg,123.166,20
2023,netherlands,max-verstappen,70.567,1
2023,netherlands,lando-norris,71.104,2
2023,netherlands,george-russell,71.294,3
2023,netherlands,alexander-albon,71.419,4
2023,netherlands,fernando-alonso,71.506,5
2023,netherlands,carlos-sainz-jr,71.754,6
2023,netherlands,sergio-perez,71.88,7
2023,netherlands,oscar-piastri,71.938,8
2023,netherlands,charles-leclerc,72.665,9
2023,netherlands,logan-sargeant,76.748,10
2023,netherlands,lance-stroll,80.121,11
2023,netherlands,pierre-gasly,80.128,12
2023,netherlands,lewis-hamilton,80.151,13
2023,netherlands,yuki-tsunoda,80.23,14
2023,netherlands,nico-hulkenberg,80.25,15
2023,netherlands,guanyu-zhou,82.067,16
2023,netherlands,esteban-ocon,82.11,17
2023,netherlands,kevin-magnussen,82.192,18
2023,netherlands,valtteri-bottas,82.26,19
2023,netherlands,liam-lawson,83.42,20
2023,italy,carlos-sainz-jr,80.294,1
2023,italy,max-verstappen,80.307,2
2023,italy,charles-leclerc,80.361,3
2023,italy,george-russell,80.671,4
2023,italy,sergio-perez,80.688,5
2023,italy,alexander-albon,80.76,6
2023,italy,oscar-piastri,80.785,7
2023,italy,lewis-hamilton,80.82,8
2023,italy,lando-norris,80.979,9
2023,italy,fernando-alonso,81.417,10
2023,italy,yuki-tsunoda,81.594,11
2023,italy,liam-lawson,81.758,12
2023,italy,nico-hulkenberg,81.776,13
2023,italy,valtteri-bottas,81.94,14
2023,italy,logan-sargeant,81.944,15
2023,italy,guanyu-zhou,82.39,16
2023,italy,pierre-gasly,82.545,17
2023,italy,esteban-ocon,82.548,18
2023,italy,kevin-magnussen,82.592,19
2023,italy,lance-stroll,82.86,20
2023,singapore,carlos-sainz-jr,90.984,1
2023,singapore,george-russell,91.056,2
2023,singapore,charles-leclerc,91.063,3
2023,singapore,lando-norris,91.27,4
2023,singapore,lewis-hamilton,91.485,5
2023,singapore,kevin-magnussen,91.575,6
2023,singapore,fernando-alonso,91.615,7
2023,singapore,esteban-ocon,91.673,8
2023,singapore,nico-hulkenberg,91.808,9
2023,singapore,liam-lawson,92.268,10
2023,singapore,max-verstappen,92.173,11
2023,singapore,pierre-gasly,92.274,12
2023,singapore,sergio-perez,92.31,13
2023,singapore,alexander-albon,93.719,14
2023,singapore,yuki-tsunoda,91.991,15
2023,singapore,valtteri-bottas,92.809,16
2023,singapore,oscar-piastri,92.902,17
2023,singapore,logan-sargeant,93.252,18
2023,singapore,guanyu-zhou,93.258,19
2023,singapore,lance-stroll,93.397,20
2023,japan,max-verstappen,88.877,1
2023,japan,oscar-piastri,89.458,2
2023,japan,lando-norris,89.493,3
2023,japan,charles-leclerc,89.542,4
2023,japan,sergio-perez,89.65,5
2023,japan,carlos-sainz-jr,89.85,6
2023,japan,lewis-hamilton,89.908,7
2023,japan,george-russell,90.219,8
2023,japan,yuki-tsunoda,90.303,9
2023,japan,fernando-alonso,90.56,10
2023,japan,liam-lawson,90.508,11
2023,japan,pierre-gasly,90.509,12
2023,japan,alexander-albon,90.537,13
2023,japan,esteban-ocon,90.586,14
2023,japan,kevin-magnussen,90.665,15
2023,japan,valtteri-bottas,91.049,16
2023,japan,lance-stroll,91.181,17
2023,japan,nico-hulkenberg,91.299,18
2023,japan,guanyu-zhou,91.398,19
2023,qatar,max-verstappen,83.778,1
2023,qatar,george-russell,84.219,2
2023,qatar,lewis-hamilton,84.305,3
2023,qatar,fernando-alonso,84.369,4
2023,qatar,charles-leclerc,84.424,5
2023,qatar,oscar-piastri,84.54,6
2023,qatar,pierre-gasly,84.553,7
2023,qatar,esteban-ocon,84.763,8
2023,qatar,valtteri-bottas,85.058,9
2023,qatar,lando-norris,84.685,10
2023,qatar,yuki-tsunoda,85.301,11
2023,qatar,carlos-sainz-jr,85.328,12
2023,qatar,sergio-perez,85.462,13
2023,qatar,alexander-albon,85.707,14
2023,qatar,nico-hulkenberg,85.783,15
2023,qatar,logan-sargeant,86.21,16
2023,qatar,lance-stroll,86.345,17
2023,qatar,liam-lawson,86.635,18
2023,qatar,kevin-magnussen,87.046,19
2023,qatar,guanyu-zhou,87.432,20
2023,united-states,charles-leclerc,94.723,1
2023,united-states,lando-norris,94.853,2
2023,united-states,lewis-hamilton,94.862,3
2023,united-states,carlos-sainz-jr,94.945,4
2023,united-states,george-russell,95.079,5
2023,united-states,max-verstappen,95.081,6
2023,united-states,pierre-gasly,95.089,7
2023,united-states,esteban-ocon,95.154,8
2023,united-states,sergio-perez,95.173,9
2023,united-states,oscar-piastri,95.467,10
2023,united-states,yuki-tsunoda,95.697,11
2023,united-states,guanyu-zhou,95.698,12
2023,united-states,valtteri-bottas,95.858,13
2023,united-states,kevin-magnussen,95.88,14
2023,united-states,daniel-ricciardo,95.974,15
2023,united-states,nico-hulkenberg,96.235,16
2023,united-states,fernando-alonso,96.268,17
2023,united-states,alexander-albon,96.315,18
2023,united-states,lance-stroll,96.589,19
2023,united-states,logan-sargeant,96.827,20
2023,mexico,charles-leclerc,77.166,1
2023,mexico,carlos-sainz-jr,77.233,2
2023,mexico,max-verstappen,77.263,3
2023,mexico,daniel-ricciardo,77.382,4
2023,mexico,sergio-perez,77.423,5
2023,mexico,lewis-hamilton,77.454,6
2023,mexico,oscar-piastri,77.623,7
2023,mexico,george-russell,77.674,8
2023,mexico,valtteri-bottas,78.032,9
2023,mexico,guanyu-zhou,78.05,10
2023,mexico,pierre-gasly,78.521,11
2023,mexico,nico-hulkenberg,78.524,12
2023,mexico,fernando-alonso,78.738,13
2023,mexico,alexander-albon,79.147,14
2023,mexico,yuki-tsunoda,78.89,15
2023,mexico,esteban-ocon,79.08,16
2023,mexico,kevin-magnussen,79.163,17
2023,mexico,lance-stroll,79.227,18
2023,mexico,lando-norris,81.554,19
2023,sao-paulo,max-verstappen,70.727,1
2023,sao-paulo,charles-leclerc,71.021,2
2023,sao-paulo,lance-stroll,71.344,3
2023,sao-paulo,fernando-alonso,71.387,4
2023,sao-paulo,lewis-hamilton,71.469,5
2023,sao-paulo,george-russell,71.59,6
2023,sao-paulo,lando-norris,71.987,7
2023,sao-paulo,carlos-sainz-jr,71.989,8
2023,sao-paulo,sergio-perez,72.321,9
2023,sao-paulo,oscar-piastri,70.33,10
2023,sao-paulo,nico-hulkenberg,70.547,11
2023,sao-paulo,esteban-ocon,70.562,12
2023,sao-paulo,pierre-gasly,70.567,13
2023,sao-paulo,kevin-magnussen,70.723,14
2023,sao-paulo,alexander-albon,70.84,15
2023,sao-paulo,yuki-tsunoda,70.837,16
2023,sao-paulo,daniel-ricciardo,70.843,17
2023,sao-paulo,valtteri-bottas,70.955,18
2023,sao-paulo,logan-sargeant,71.035,19
2023,sao-paulo,guanyu-zhou,71.275,20
2023,las-vegas,charles-leclerc,92.726,1
2023,las-vegas,carlos-sainz-jr,92.77,2
2023,las-vegas,max-verstappen,93.104,3
2023,las-vegas,george-russell,93.112,4
2023,las-vegas,pierre-gasly,93.239,5
2023,las-vegas,alexander-albon,93.323,6
2023,las-vegas,logan-sargeant,93.513,7
2023,las-vegas,valtteri-bottas,93.525,8
2023,las-vegas,kevin-magnussen,93.537,9
2023,las-vegas,fernando-alonso,93.555,10
2023,las-vegas,lewis-hamilton,93.837,11
2023,las-vegas,sergio-perez,93.855,12
2023,las-vegas,nico-hulkenberg,93.979,13
2023,las-vegas,lance-stroll,94.199,14
2023,las-vegas,daniel-ricciardo,94.308,15
2023,las-vegas,lando-norris,94.703,16
2023,las-vegas,esteban-ocon,94.834,17
2023,las-vegas,guanyu-zhou,94.849,18
2023,las-vegas,oscar-piastri,94.85,19
2023,las-vegas,yuki-tsunoda,96.447,20
2023,abu-dhabi,max-verstappen,83.445,1
2023,abu-dhabi,charles-leclerc,83.584,2
2023,abu-dhabi,oscar-piastri,83.782,3
2023,abu-dhabi,george-russell,83.788,4
2023,abu-dhabi,lando-norris,83.816,5
2023,abu-dhabi,yuki-tsunoda,83.968,6
2023,abu-dhabi,fernando-alonso,84.084,7
2023,abu-dhabi,nico-hulkenberg,84.108,8
2023,abu-dhabi,sergio-perez,84.171,9
2023,abu-dhabi,pierre-gasly,84.548,10
2023,abu-dhabi,lewis-hamilton,84.359,11
2023,abu-dhabi,esteban-ocon,84.391,12
2023,abu-dhabi,lance-stroll,84.422,13
2023,abu-dhabi,alexander-albon,84.439,14
2023,abu-dhabi,daniel-ricciardo,84.442,15
2023,abu-dhabi,carlos-sainz-jr,84.738,16
2023,abu-dhabi,kevin-magnussen,84.764,17
2023,abu-dhabi,valtteri-bottas,84.788,18
2023,abu-dhabi,guanyu-zhou,85.159,19
2024,bahrain,max-verstappen,89.179,1
2024,bahrain,charles-leclerc,89.407,2
2024,bahrain,george-russell,89.485,3
2024,bahrain,carlos-sainz-jr,89.507,4
2024,bahrain,sergio-perez,89.537,5
2024,bahrain,fernando-alonso,89.542,6
2024,bahrain,lando-norris,89.614,7
2024,bahrain,oscar-piastri,89.683,8
2024,bahrain,lewis-hamilton,89.71,9
2024,bahrain,nico-hulkenberg,90.502,10
2024,bahrain,yuki-tsunoda,90.129,11
2024,bahrain,lance-stroll,90.2,12
2024,bahrain,alexander-albon,90.221,13
2024,bahrain,daniel-ricciardo,90.278,14
2024,bahrain,kevin-magnussen,90.529,15
2024,bahrain,valtteri-bottas,90.756,16
2024,bahrain,guanyu-zhou,90.757,17
2024,bahrain,logan-sargeant,90.77,18
2024,bahrain,esteban-ocon,90.793,19
2024,bahrain,pierre-gasly,90.948,20
2024,saudi-arabia,max-verstappen,87.472,1
2024,saudi-arabia,charles-leclerc,87.791,2
2024,saudi-arabia,sergio-perez,87.807,3
2024,saudi-arabia,fernando-alonso,87.846,4
2024,saudi-arabia,oscar-piastri,88.089,5
2024,saudi-arabia,lando-norris,88.132,6
2024,saudi-arabia,george-russell,88.316,7
2024,saudi-arabia,lewis-hamilton,88.46,8
2024,saudi-arabia,yuki-tsunoda,88.547,9
2024,saudi-arabia,lance-stroll,88.572,10
2024,saudi-arabia,oliver-bearman,88.642,11
2024,saudi-arabia,alexander-albon,88.98,12
2024,saudi-arabia,kevin-magnussen,89.02,13
2024,saudi-arabia,daniel-ricciardo,89.025,14
2024,saudi-arabia,nico-hulkenberg,89.055,15
2024,saudi-arabia,valtteri-bottas,89.179,16
2024,saudi-arabia,esteban-ocon,89.475,17
2024,saudi-arabia,pierre-gasly,89.479,18
2024,saudi-arabia,logan-sargeant,89.526,19
2024,australia,max-verstappen,75.915,1
2024,australia,carlos-sainz-jr,76.185,2
2024,australia,sergio-perez,76.274,3
2024,australia,lando-norris,76.315,4
2024,australia,charles-leclerc,76.435,5
2024,australia,oscar-piastri,76.572,6
2024,australia,george-russell,76.724,7
2024,australia,yuki-tsunoda,76.788,8
2024,australia,lance-stroll,77.072,9
2024,australia,fernando-alonso,77.552,10
2024,australia,lewis-hamilton,76.96,11
2024,australia,alexander-albon,77.167,12
2024,australia,valtteri-bottas,77.34,13
2024,australia,kevin-magnussen,77.427,14
2024,australia,esteban-ocon,77.697,15
2024,australia,nico-hulkenberg,77.976,16
2024,australia,pierre-gasly,77.982,17
2024,australia,daniel-ricciardo,78.085,18
2024,australia,guanyu-zhou,78.188,19
2024,japan,max-verstappen,88.197,1
2024,japan,sergio-perez,88.263,2
2024,japan,lando-norris,88.489,3
2024,japan,carlos-sainz-jr,88.682,4
2024,japan,fernando-alonso,88.686,5
2024,japan,oscar-piastri,88.76,6
2024,japan,lewis-hamilton,88.766,7
2024,japan,charles-leclerc,88.786,8
2024,japan,george-russell,89.008,9
2024,japan,yuki-tsunoda,89.413,10
2024,japan,daniel-ricciardo,89.472,11
2024,japan,nico-hulkenberg,89.494,12
2024,japan,valtteri-bottas,89.593,13
2024,japan,alexander-albon,89.714,14
2024,japan,esteban-ocon,89.816,15
2024,japan,lance-stroll,90.024,16
2024,japan,pierre-gasly,90.119,17
2024,japan,kevin-magnussen,90.131,18
2024,japan,logan-sargeant,90.139,19
2024,japan,guanyu-zhou,90.143,20
2024,china,max-verstappen,93.66,1
2024,china,sergio-perez,93.982,2
2024,china,fernando-alonso,94.148,3
2024,china,lando-norris,94.165,4
2024,china,oscar-piastri,94.273,5
2024,china,charles-leclerc,94.289,6
2024,china,carlos-sainz-jr,94.297,7
2024,china,george-russell,94.433,8
2024,china,nico-hulkenberg,94.604,9
2024,china,valtteri-bottas,94.665,10
2024,china,lance-stroll,94.838,11
2024,china,daniel-ricciardo,94.934,12
2024,china,esteban-ocon,95.223,13
2024,china,alexander-albon,95.241,14
2024,china,pierre-gasly,95.463,15
2024,china,guanyu-zhou,95.505,16
2024,china,kevin-magnussen,95.516,17
2024,china,lewis-hamilton,95.573,18
2024,china,yuki-tsunoda,95.746,19
2024,china,logan-sargeant,96.358,20
2024,miami,max-verstappen,87.241,1
2024,miami,charles-leclerc,87.382,2
2024,miami,carlos-sainz-jr,87.455,3
2024,miami,sergio-perez,87.46,4
2024,miami,lando-norris,87.594,5
2024,miami,oscar-piastri,87.675,6
2024,miami,george-russell,88.067,7
2024,miami,lewis-hamilton,88.107,8
2024,miami,nico-hulkenberg,88.146,9
2024,miami,yuki-tsunoda,88.192,10
2024,miami,lance-stroll,88.222,11
2024,miami,pierre-gasly,88.324,12
2024,miami,esteban-ocon,88.371,13
2024,miami,alexander-albon,88.413,14
2024,miami,fernando-alonso,88.427,15
2024,miami,valtteri-bottas,88.463,16
2024,miami,logan-sargeant,88.487,17
2024,miami,daniel-ricciardo,88.617,18
2024,miami,kevin-magnussen,88.619,19
2024,miami,guanyu-zhou,88.824,20
2024,emilia-romagna,max-verstappen,74.746,1
2024,emilia-romagna,oscar-piastri,74.82,2
2024,emilia-romagna,lando-norris,74.837,3
2024,emilia-romagna,charles-leclerc,74.97,4
2024,emilia-romagna,carlos-sainz-jr,75.233,5
2024,emilia-romagna,george-russell,75.234,6
2024,emilia-romagna,yuki-tsunoda,75.465,7
2024,emilia-romagna,lewis-hamilton,75.504,8
2024,emilia-romagna,daniel-ricciardo,75.674,9
2024,emilia-romagna,nico-hulkenberg,75.98,10
2024,emilia-romagna,sergio-perez,75.706,11
2024,emilia-romagna,esteban-ocon,75.906,12
2024,emilia-romagna,lance-stroll,75.992,13
2024,emilia-romagna,alexander-albon,76.2,14
2024,emilia-romagna,pierre-gasly,76.381,15
2024,emilia-romagna,valtteri-bottas,76.626,16
2024,emilia-romagna,guanyu-zhou,76.834,17
2024,emilia-romagna,kevin-magnussen,76.854,18
2024,emilia-romagna,fernando-alonso,76.917,19
2024,monaco,charles-leclerc,70.27,1
2024,monaco,oscar-piastri,70.424,2
2024,monaco,carlos-sainz-jr,70.518,3
2024,monaco,lando-norris,70.542,4
2024,monaco,george-russell,70.543,5
2024,monaco,max-verstappen,70.567,6
2024,monaco,lewis-hamilton,70.621,7
2024,monaco,yuki-tsunoda,70.858,8
2024,monaco,alexander-albon,70.948,9
2024,monaco,pierre-gasly,71.311,10
2024,monaco,esteban-ocon,71.285,11
2024,monaco,daniel-ricciardo,71.482,12
2024,monaco,lance-stroll,71.563,13
2024,monaco,fernando-alonso,72.019,14
2024,monaco,logan-sargeant,72.02,15
2024,monaco,sergio-perez,72.06,16
2024,monaco,valtteri-bottas,72.512,17
2024,monaco,guanyu-zhou,73.028,18
2024,monaco,nico-hulkenberg,71.44,19
2024,monaco,kevin-magnussen,71.725,20
2024,canada,george-russell,72.0,1
2024,canada,max-verstappen,72.0,2
2024,canada,lando-norris,72.021,3
2024,canada,oscar-piastri,72.103,4
2024,canada,daniel-ricciardo,72.178,5
2024,canada,fernando-alonso,72.228,6
2024,canada,lewis-hamilton,72.28,7
2024,canada,yuki-tsunoda,72.414,8
2024,canada,lance-stroll,72.701,9
2024,canada,alexander-albon,72.796,10
2024,canada,charles-leclerc,72.691,11
2024,canada,carlos-sainz-jr,72.728,12
2024,canada,logan-sargeant,72.736,13
2024,canada,kevin-magnussen,72.916,14
2024,canada,pierre-gasly,72.94,15
2024,canada,sergio-perez,73.326,16
2024,canada,valtteri-bottas,73.366,17
2024,canada,esteban-ocon,73.435,18
2024,canada,nico-hulkenberg,73.978,19
2024,canada,guanyu-zhou,74.292,20
2024,spain,lando-norris,71.383,1
2024,spain,max-verstappen,71.403,2
2024,spain,lewis-hamilton,71.701,3
2024,spain,george-russell,71.703,4
2024,spain,charles-leclerc,71.731,5
2024,spain,carlos-sainz-jr,71.736,6
2024,spain,pierre-gasly,71.857,7
2024,spain,sergio-perez,72.061,8
2024,spain,esteban-ocon,72.125,9
2024,spain,oscar-piastri,72.011,10
2024,spain,fernando-alonso,72.128,11
2024,spain,valtteri-bottas,72.227,12
2024,spain,nico-hulkenberg,72.31,13
2024,spain,lance-stroll,72.372,14
2024,spain,guanyu-zhou,72.738,15
2024,spain,kevin-magnussen,72.937,16
2024,spain,yuki-tsunoda,72.985,17
2024,spain,daniel-ricciardo,73.075,18
2024,spain,alexander-albon,73.153,19
2024,spain,logan-sargeant,73.509,20
2024,austria,max-verstappen,64.314,1
2024,austria,lando-norris,64.718,2
2024,austria,george-russell,64.84,3
2024,austria,carlos-sainz-jr,64.851,4
2024,austria,lewis-hamilton,64.903,5
2024,austria,charles-leclerc,65.044,6
2024,austria,oscar-piastri,65.048,7
2024,austria,sergio-perez,65.202,8
2024,austria,nico-hulkenberg,65.385,9
2024,austria,esteban-ocon,65.883,10
2024,austria,daniel-ricciardo,65.289,11
2024,austria,kevin-magnussen,65.347,12
2024,austria,pierre-gasly,65.359,13
2024,austria,yuki-tsunoda,65.412,14
2024,austria,fernando-alonso,65.639,15
2024,austria,alexander-albon,65.736,16
2024,austria,lance-stroll,65.819,17
2024,austria,valtteri-bottas,65.847,18
2024,austria,logan-sargeant,65.856,19
2024,austria,guanyu-zhou,66.061,20
2024,great-britain,george-russell,85.819,1
2024,great-britain,lewis-hamilton,85.99,2
2024,great-britain,lando-norris,86.03,3
2024,great-britain,max-verstappen,86.203,4
2024,great-britain,oscar-piastri,86.237,5
2024,great-britain,nico-hulkenberg,86.338,6
2024,great-britain,carlos-sainz-jr,86.509,7
2024,great-britain,lance-stroll,86.585,8
2024,great-britain,alexander-albon,86.64,9
2024,great-britain,fernando-alonso,86.917,10
2024,great-britain,charles-leclerc,87.097,11
2024,great-britain,logan-sargeant,87.175,12
2024,great-britain,yuki-tsunoda,87.269,13
2024,great-britain,guanyu-zhou,87.867,14
2024,great-britain,daniel-ricciardo,87.949,15
2024,great-britain,valtteri-bottas,92.431,16
2024,great-britain,kevin-magnussen,92.905,17
2024,great-britain,esteban-ocon,94.557,18
2024,great-britain,sergio-perez,98.348,19
2024,great-britain,pierre-gasly,99.804,20
2024,hungary,lando-norris,75.227,1
2024,hungary,oscar-piastri,75.249,2
2024,hungary,max-verstappen,75.273,3
2024,hungary,carlos-sainz-jr,75.696,4
2024,hungary,lewis-hamilton,75.854,5
2024,hungary,charles-leclerc,75.905,6
2024,hungary,fernando-alonso,76.043,7
2024,hungary,lance-stroll,76.244,8
2024,hungary,daniel-ricciardo,76.447,9
2024,hungary,yuki-tsunoda,76.477,10
2024,hungary,nico-hulkenberg,76.317,11
2024,hungary,valtteri-bottas,76.384,12
2024,hungary,alexander-albon,76.429,13
2024,hungary,logan-sargeant,76.543,14
2024,hungary,kevin-magnussen,76.548,15
2024,hungary,sergio-perez,77.886,16
2024,hungary,george-russell,77.968,17
2024,hungary,guanyu-zhou,78.037,18
2024,hungary,esteban-ocon,78.049,19
2024,hungary,pierre-gasly,78.166,20
2024,belgium,max-verstappen,113.159,1
2024,belgium,charles-leclerc,113.754,2
2024,belgium,sergio-perez,113.765,3
2024,belgium,lewis-hamilton,113.835,4
2024,belgium,lando-norris,113.981,5
2024,belgium,oscar-piastri,114.027,6
2024,belgium,george-russell,114.184,7
2024,belgium,carlos-sainz-jr,114.477,8
2024,belgium,fernando-alonso,114.765,9
2024,belgium,esteban-ocon,114.81,10
2024,belgium,alexander-albon,114.473,11
2024,belgium,pierre-gasly,114.635,12
2024,belgium,daniel-ricciardo,114.682,13
2024,belgium,valtteri-bottas,114.764,14
2024,belgium,lance-stroll,115.716,15
2024,belgium,nico-hulkenberg,116.308,16
2024,belgium,kevin-magnussen,116.5,17
2024,belgium,yuki-tsunoda,116.593,18
2024,belgium,logan-sargeant,117.23,19
2024,belgium,guanyu-zhou,117.775,20
2024,netherlands,lando-norris,69.673,1
2024,netherlands,max-verstappen,70.029,2
2024,netherlands,oscar-piastri,70.172,3
2024,netherlands,george-russell,70.244,4
2024,netherlands,sergio-perez,70.416,5
2024,netherlands,charles-leclerc,70.582,6
2024,netherlands,fernando-alonso,70.633,7
2024,netherlands,lance-stroll,70.857,8
2024,netherlands,pierre-gasly,70.977,9
2024,netherlands,carlos-sainz-jr,70.914,10
2024,netherlands,lewis-hamilton,70.948,11
2024,netherlands,yuki-tsunoda,70.955,12
2024,netherlands,nico-hulkenberg,71.215,13
2024,netherlands,kevin-magnussen,71.295,14
2024,netherlands,daniel-ricciardo,71.943,15
2024,netherlands,esteban-ocon,71.995,16
2024,netherlands,valtteri-bottas,72.168,17
2024,netherlands,guanyu-zhou,73.261,18
2024,italy,lando-norris,79.327,1
2024,italy,oscar-piastri,79.436,2
2024,italy,george-russell,79.44,3
2024,italy,charles-leclerc,79.461,4
2024,italy,carlos-sainz-jr,79.467,5
2024,italy,lewis-hamilton,79.513,6
2024,italy,max-verstappen,80.022,7
2024,italy,sergio-perez,80.062,8
2024,italy,alexander-albon,80.299,9
2024,italy,nico-hulkenberg,80.339,10
2024,italy,fernando-alonso,80.421,11
2024,italy,daniel-ricciardo,80.479,12
2024,italy,kevin-magnussen,80.698,13
2024,italy,pierre-gasly,80.738,14
2024,italy,esteban-ocon,80.766,15
2024,italy,yuki-tsunoda,80.945,16
2024,italy,lance-stroll,81.013,17
2024,italy,franco-colapinto,81.061,18
2024,italy,valtteri-bottas,81.101,19
2024,italy,guanyu-zhou,81.445,20
2024,azerbaijan,charles-leclerc,101.365,1
2024,azerbaijan,oscar-piastri,101.686,2
2024,azerbaijan,carlos-sainz-jr,101.805,3
2024,azerbaijan,sergio-perez,101.813,4
2024,azerbaijan,george-russell,101.874,5
2024,azerbaijan,max-verstappen,102.023,6
2024,azerbaijan,lewis-hamilton,102.289,7
2024,azerbaijan,fernando-alonso,102.369,8
2024,azerbaijan,franco-colapinto,102.53,9
2024,azerbaijan,alexander-albon,102.859,10
2024,azerbaijan,oliver-bearman,102.968,11
2024,azerbaijan,yuki-tsunoda,103.035,12
2024,azerbaijan,nico-hulkenberg,103.191,13
2024,azerbaijan,lance-stroll,103.404,14
2024,azerbaijan,daniel-ricciardo,103.547,15
2024,azerbaijan,lando-norris,103.609,16
2024,azerbaijan,valtteri-bottas,103.618,17
2024,azerbaijan,guanyu-zhou,104.246,18
2024,azerbaijan,esteban-ocon,104.504,19
2024,singapore,lando-norris,89.525,1
2024,singapore,max-verstappen,89.728,2
2024,singapore,lewis-hamilton,89.841,3
2024,singapore,george-russell,89.867,4
2024,singapore,oscar-piastri,89.953,5
2024,singapore,nico-hulkenberg,90.115,6
2024,singapore,fernando-alonso,90.214,7
2024,singapore,yuki-tsunoda,90.354,8
2024,singapore,charles-leclerc,89.747,9
2024,singapore,carlos-sainz-jr,90.108,10
2024,singapore,alexander-albon,90.474,11
2024,singapore,franco-colapinto,90.481,12
2024,singapore,sergio-perez,90.579,13
2024,singapore,kevin-magnussen,90.653,14
2024,singapore,esteban-ocon,90.769,15
2024,singapore,daniel-ricciardo,91.085,16
2024,singapore,lance-stroll,91.094,17
2024,singapore,pierre-gasly,91.312,18
2024,singapore,valtteri-bottas,91.572,19
2024,singapore,guanyu-zhou,92.054,20
2024,united-states,lando-norris,92.33,1
2024,united-states,max-verstappen,92.361,2
2024,united-states,carlos-sainz-jr,92.652,3
2024,united-states,charles-leclerc,92.74,4
2024,united-states,oscar-piastri,92.95,5
2024,united-states,george-russell,92.974,6
2024,united-states,pierre-gasly,93.018,7
2024,united-states,fernando-alonso,93.309,8
2024,united-states,kevin-magnussen,93.481,9
2024,united-states,sergio-perez,93.02,10
2024,united-states,yuki-tsunoda,93.506,11
2024,united-states,nico-hulkenberg,93.544,12
2024,united-states,esteban-ocon,93.597,13
2024,united-states,lance-stroll,93.759,14
2024,united-states,liam-lawson,93.339,15
2024,united-states,alexander-albon,94.051,16
2024,united-states,franco-colapinto,94.062,17
2024,united-states,valtteri-bottas,94.152,18
2024,united-states,lewis-hamilton,94.154,19
2024,united-states,guanyu-zhou,94.228,20
2024,mexico,carlos-sainz-jr,75.946,1
2024,mexico,max-verstappen,76.171,2
2024,mexico,lando-norris,76.26,3
2024,mexico,charles-leclerc,76.265,4
2024,mexico,george-russell,76.356,5
2024,mexico,lewis-hamilton,76.651,6
2024,mexico,kevin-magnussen,76.886,7
2024,mexico,pierre-gasly,76.892,8
2024,mexico,alexander-albon,77.065,9
2024,mexico,nico-hulkenberg,77.365,10
2024,mexico,yuki-tsunoda,77.129,11
2024,mexico,liam-lawson,77.162,12
2024,mexico,fernando-alonso,77.168,13
2024,mexico,lance-stroll,77.294,14
2024,mexico,valtteri-bottas,77.817,15
2024,mexico,franco-colapinto,77.558,16
2024,mexico,oscar-piastri,77.597,17
2024,mexico,sergio-perez,77.611,18
2024,mexico,esteban-ocon,77.617,19
2024,mexico,guanyu-zhou,78.072,20
2024,sao-paulo,lando-norris,83.405,1
2024,sao-paulo,george-russell,83.578,2
2024,sao-paulo,yuki-tsunoda,84.111,3
2024,sao-paulo,esteban-ocon,84.475,4
2024,sao-paulo,liam-lawson,84.484,5
2024,sao-paulo,charles-leclerc,84.525,6
2024,sao-paulo,alexander-albon,84.657,7
2024,sao-paulo,oscar-piastri,84.686,8
2024,sao-paulo,fernando-alonso,88.998,9
2024,sao-paulo,lance-stroll,86.334,10
2024,sao-paulo,valtteri-bottas,86.472,11
2024,sao-paulo,max-verstappen,87.771,12
2024,sao-paulo,sergio-perez,88.158,13
2024,sao-paulo,carlos-sainz-jr,89.406,14
2024,sao-paulo,pierre-gasly,89.614,15
2024,sao-paulo,lewis-hamilton,91.15,16
2024,sao-paulo,oliver-bearman,91.229,17
2024,sao-paulo,franco-colapinto,91.27,18
2024,sao-paulo,nico-hulkenberg,91.623,19
2024,sao-paulo,guanyu-zhou,92.263,20
